firstname,lastname,email,parentemail,parentphone,photo,parent name
Carol,Austen,Carol.Austen@email.com,Austen@email.com,8054445149,6AD399A6-C13D-4112-ACE6-CA18EC7CF789.png,Austen
David,Mitchell,David.Mitchell@email.com,Mitchell@email.com,8054445152,B2DD5A92-1617-41DE-B962-139ADB57FD79.png,Mitchell
Eric,Stock,Eric.Stock@email.com,Stock@email.com,8054445144,DB764C95-D136-4CF5-9827-8BCD368558BC.png,Stock
George,Pace,George.Pace@email.com,Pace@email.com,8054445159,C068A8E2-8ECE-45BE-A6AB-9BDBBBCDA8DA.png,Pace
James,Powell,James.Powell@email.com,Powell@email.com,8054445156,E4210458-FC12-48BD-AD34-F0C7F2C662E7.png,Powell
John,Meyer,John.Meyer@email.com,Meyer@email.com,8054445153,EB5EAC99-ACCC-43D1-AB86-6B2BFF95D8D5.png,Meyer
Mary,Jane,Mary.Jane@email.com,Jane@email.com,8054445145,C6136C21-E74F-4EAC-BC61-AD21C895A4D3.png,Jane
Michael,Harper,Michael.Harper@email.com,Harper@email.com,8054445154,9E392C92-D175-4E18-A3F4-D1CD966CA20B.png,Harper
Nancy,Fross,Nancy.Fross@email.com,Fross@email.com,8054445150,6E87F211-0A60-4882-8E75-238F8BC3A959.png,Fross
Paul,Ford,Paul.Ford@email.com,Ford@email.com,8054445147,4DA18BD1-CD22-4713-9AF7-B4A237F4C006.png,Ford
Philip,Sipling,Philip.Sipling@email.com,Sipling@email.com,8054445141,BB09A3BA-0F89-4E0F-8B08-42B1906460E3.png,Sipling
Ralph,Ingersoll,Ralph.Ingersoll@email.com,Ingersoll@email.com,8054445158,60D54F12-FBCA-4827-B0A5-5CA763D0B6CE.png,Ingersoll
Richard,Fischer,Richard.Fischer@email.com,Fischer@email.com,8054445148,48E4DE1F-B54F-4790-B428-C830E58BBB63.png,Fischer
Robert,Jackson,Robert.Jackson@email.com,Jackson@email.com,8054445157,01EBA493-C446-41CD-8DE8-6778F94D3E1A.png,Jackson
Ronald,Lankston,Ronald.Lankston@email.com,Lankston@email.com,8054445162,D8046A1F-5BC9-40B4-83E7-39288A46DFF8.png,Lankston
Sandra,Mathes,Sandra.Mathes@email.com,Mathes@email.com,8054445140,FA842695-23F3-4FCF-B0CF-B9942383469F.png,Mathes
Scott,Wright,Scott.Wright@email.com,Wright@email.com,8054445155,918C4728-90BA-43AD-859E-884630B396E5.png,Wright
Stephen,Knab,Stephen.Knab@email.com,Knab@email.com,8054445161,4BC40160-7960-47AB-B676-2FC9C83EB52F.png,Knab
Steven,Rowell,Steven.Rowell@email.com,Rowell@email.com,8054445146,7603C956-6339-469F-9A2F-3A4B9112FC8E.png,Rowell
Thomas,Jensen,Thomas.Jensen@email.com,Jensen@email.com,8054445151,A469AC49-889A-424F-90F4-20D905AECD84.png,Jensen
